9062ae,127.0.0.1,GET,http://178.128.155.57:8080/async/dashboardnews,1583186203,cc0cc3
299ff4,127.0.0.1,GET,http://178.128.155.57:8080/async/latestactivity,1583186203,cc0cc3
cc0cc3,181.39.85.168,GET,http://178.128.155.57:8080/bolt,1583186203,
1bcff5,181.39.85.168,GET,http://178.128.155.57:8080/thumbs/54x41c/food-fruit-orange-1286.jpg,1583186204,
287fcc,181.39.85.168,GET,http://178.128.155.57:8080/thumbs/54x41c/architecture-books-building-2757.jpg,1583186204,
5c959f,181.39.85.168,GET,http://178.128.155.57:8080/thumbs/54x41c/apple-desk-iphone-2750.jpg,1583186204,
0e406b,181.39.85.168,GET,http://178.128.155.57:8080/thumbs/54x41c/alarm-clock-gold-hands-of-a-clock-1778.jpg,1583186204,
7d72f5,181.39.85.168,GET,http://178.128.155.57:8080/thumbs/54x41c/keyboard-old-technology-2318.jpg,1583186204,
695a12,181.39.85.168,GET,http://178.128.155.57:8080/thumbs/54x41c/agriculture-cereals-field-621.jpg,1583186204,
d4c95e,181.39.85.168,GET,http://178.128.155.57:8080/thumbs/54x41c/carrot-cooking-eat-1398.jpg,1583186205,
77dc22,181.39.85.168,GET,http://178.128.155.57:8080/thumbs/54x41c/blur-breakfast-coffee-271.jpg,1583186205,
3ae9c2,181.39.85.168,GET,http://178.128.155.57:8080/thumbs/54x41c/california-foggy-golden-gate-bridge-2771.jpg,1583186205,
6adc02,181.39.85.168,GET,http://178.128.155.57:8080/bolt/file/edit/config/config.yml,1583186208,
8217d2,181.39.85.168,POST,http://178.128.155.57:8080/bolt/file/edit/config/config.yml?returnto=ajax,1583186219,
e9b395,127.0.0.1,GET,http://178.128.155.57:8080/async/dashboardnews,1583186223,60ff2b
f3029c,127.0.0.1,GET,http://178.128.155.57:8080/async/latestactivity,1583186223,60ff2b
60ff2b,181.39.85.168,GET,http://178.128.155.57:8080/bolt,1583186223,
c50268,181.39.85.168,GET,http://178.128.155.57:8080/thumbs/54x41c/food-fruit-orange-1286.jpg,1583186224,
66cbd0,181.39.85.168,GET,http://178.128.155.57:8080/thumbs/54x41c/architecture-books-building-2757.jpg,1583186224,
b49638,181.39.85.168,GET,http://178.128.155.57:8080/thumbs/54x41c/alarm-clock-gold-hands-of-a-clock-1778.jpg,1583186224,
c504c0,181.39.85.168,GET,http://178.128.155.57:8080/thumbs/54x41c/agriculture-cereals-field-621.jpg,1583186224,
acc072,181.39.85.168,GET,http://178.128.155.57:8080/thumbs/54x41c/apple-desk-iphone-2750.jpg,1583186224,
0aadb9,181.39.85.168,GET,http://178.128.155.57:8080/thumbs/54x41c/keyboard-old-technology-2318.jpg,1583186224,
d62714,181.39.85.168,GET,http://178.128.155.57:8080/thumbs/54x41c/carrot-cooking-eat-1398.jpg,1583186224,
0144ff,181.39.85.168,GET,http://178.128.155.57:8080/thumbs/54x41c/blur-breakfast-coffee-271.jpg,1583186224,
df8c3c,181.39.85.168,GET,http://178.128.155.57:8080/thumbs/54x41c/california-foggy-golden-gate-bridge-2771.jpg,1583186224,
9e2adb,181.39.85.168,GET,http://178.128.155.57:8080/bolt/file/edit/config/config.yml,1583186228,
59468e,181.39.85.168,POST,http://178.128.155.57:8080/bolt/file/edit/config/config.yml?returnto=ajax,1583186235,
ceeb60,181.39.85.168,POST,http://178.128.155.57:8080/bolt/file/edit/config/config.yml?returnto=ajax,1583186238,
0aac9a,127.0.0.1,GET,http://178.128.155.57:8080/async/dashboardnews,1583186239,fb4721
92572b,127.0.0.1,GET,http://178.128.155.57:8080/async/latestactivity,1583186239,fb4721
fb4721,181.39.85.168,GET,http://178.128.155.57:8080/bolt,1583186239,
327f59,181.39.85.168,GET,http://178.128.155.57:8080/thumbs/54x41c/food-fruit-orange-1286.jpg,1583186240,
a4de4e,181.39.85.168,GET,http://178.128.155.57:8080/thumbs/54x41c/architecture-books-building-2757.jpg,1583186240,
2105f4,181.39.85.168,GET,http://178.128.155.57:8080/thumbs/54x41c/apple-desk-iphone-2750.jpg,1583186240,
d3f4f0,181.39.85.168,GET,http://178.128.155.57:8080/thumbs/54x41c/keyboard-old-technology-2318.jpg,1583186240,
644870,181.39.85.168,GET,http://178.128.155.57:8080/thumbs/54x41c/alarm-clock-gold-hands-of-a-clock-1778.jpg,1583186240,
a0ad85,181.39.85.168,GET,http://178.128.155.57:8080/thumbs/54x41c/agriculture-cereals-field-621.jpg,1583186240,
e4e0e5,181.39.85.168,GET,http://178.128.155.57:8080/thumbs/54x41c/blur-breakfast-coffee-271.jpg,1583186240,
641644,181.39.85.168,GET,http://178.128.155.57:8080/thumbs/54x41c/carrot-cooking-eat-1398.jpg,1583186241,
3c9545,181.39.85.168,GET,http://178.128.155.57:8080/thumbs/54x41c/california-foggy-golden-gate-bridge-2771.jpg,1583186241,
4c184b,181.39.85.168,POST,http://178.128.155.57:8080/bolt/content/delete/pages/11,1583186250,
403cf9,127.0.0.1,GET,http://178.128.155.57:8080/async/lastmodified/pages,1583186250,7f1f0b
7f1f0b,181.39.85.168,GET,http://178.128.155.57:8080/bolt/overview/pages,1583186250,
3a14a6,181.39.85.168,GET,http://178.128.155.57:8080/thumbs/80x60c/apple-desk-iphone-2750.jpg,1583186251,
2ad855,181.39.85.168,GET,http://178.128.155.57:8080/thumbs/80x60c/garden-gardening-grass-589.jpg,1583186251,
a2832c,181.39.85.168,GET,http://178.128.155.57:8080/thumbs/80x60c/agriculture-cereals-field-621.jpg,1583186251,
6d274f,181.39.85.168,GET,http://178.128.155.57:8080/thumbs/80x60c/analog-camera-photography-vintage-1844.jpg,1583186251,
437e9c,181.39.85.168,GET,http://178.128.155.57:8080/thumbs/80x60c/architecture-books-building-2757.jpg,1583186251,
4cc2ed,181.39.85.168,GET,http://178.128.155.57:8080/thumbs/80x60c/bell-bills-cash-register-2738.jpg,1583186252,
d10bd6,181.39.85.168,GET,http://178.128.155.57:8080/thumbs/80x60c/blur-breakfast-coffee-271.jpg,1583186252,
d721ea,181.39.85.168,GET,http://178.128.155.57:8080/thumbs/80x60c/alarm-clock-gold-hands-of-a-clock-1778.jpg,1583186252,
20d4fd,181.39.85.168,GET,http://178.128.155.57:8080/thumbs/80x60c/food-fruit-orange-1286.jpg,1583186252,
127d30,181.39.85.168,GET,"http://178.128.155.57:8080/bolt/content/deletecontent/pages/5,9,3,7,10,2,6,4,8,1?bolt_csrf_token=ab864750",1583186259,
17cb8c,127.0.0.1,GET,http://178.128.155.57:8080/async/lastmodified/pages,1583186259,7aeb94
7aeb94,181.39.85.168,GET,http://178.128.155.57:8080/bolt/overview/pages,1583186259,
3b59b5,127.0.0.1,GET,http://178.128.155.57:8080/async/lastmodified/pages,1583186262,d47c13
88aa88,127.0.0.1,GET,http://178.128.155.57:8080/async/showstack?items=10,1583186262,d47c13
d47c13,181.39.85.168,GET,http://178.128.155.57:8080/bolt/editcontent/pages,1583186262,
3f00c5,181.39.85.168,GET,http://178.128.155.57:8080/async/makeuri?contenttypeslug=pages&fulluri=false&id=&slugfield=slug&title=,1583186264,
819604,181.39.85.168,GET,http://178.128.155.57:8080/async/makeuri?contenttypeslug=pages&fulluri=false&id=&slugfield=slug&title=Animacion%20%23%201,1583186267,
bce601,181.39.85.168,POST,http://178.128.155.57:8080/upload?handler=,1583186271,
a8aa1a,181.39.85.168,GET,http://178.128.155.57:8080/async/addstack/2020-03/captura.png,1583186271,
82b9fc,181.39.85.168,GET,http://178.128.155.57:8080/thumbs/200x150c/2020-03/captura.png,1583186271,
969170,181.39.85.168,GET,http://178.128.155.57:8080/thumbs/100x100c/2020-03/captura.png,1583186271,
f7e641,181.39.85.168,GET,http://178.128.155.57:8080/async/makeuri?contenttypeslug=pages&fulluri=false&id=&slugfield=slug&title=https%3A%2F%2Fthreejs.org%2Fexamples%2F%23webgl_animation_cloth,1583186294,
57c364,181.39.85.168,POST,http://178.128.155.57:8080/bolt/editcontent/pages?returnto=new,1583186296,
bd3f21,127.0.0.1,GET,http://178.128.155.57:8080/async/lastmodified/pages,1583186296,c759c7
e4b963,127.0.0.1,GET,http://178.128.155.57:8080/async/showstack?items=10,1583186296,c759c7
c759c7,181.39.85.168,GET,http://178.128.155.57:8080/bolt/editcontent/pages/1,1583186296,
507e9c,181.39.85.168,GET,http://178.128.155.57:8080/thumbs/100x100c/2020-03/captura.png,1583186297,
e83efd,181.39.85.168,GET,http://178.128.155.57:8080/thumbs/200x150c/2020-03/captura.png,1583186297,
5d9657,181.39.85.168,POST,http://178.128.155.57:8080/preview/page,1583186299,
b3ee8c,181.39.85.168,GET,http://178.128.155.57:8080/thumbs/640x480c/2020-03/captura.png,1583186300,
ba987a,181.39.85.168,GET,http://178.128.155.57:8080/page/https-threejs-org-examples-webgl-animation-cloth,1583186304,
0ab777,181.39.85.168,GET,http://178.128.155.57:8080/async/makeuri?contenttypeslug=pages&fulluri=false&id=1&slugfield=slug&title=animacion-1,1583186345,
9cf4ad,181.39.85.168,POST,http://178.128.155.57:8080/bolt/editcontent/pages/1?returnto=ajax,1583186363,
3bf543,127.0.0.1,GET,http://178.128.155.57:8080/async/lastmodified/entries,1583186367,e0f573
8d2c51,127.0.0.1,GET,http://178.128.155.57:8080/async/showstack?items=10,1583186367,e0f573
e0f573,181.39.85.168,GET,http://178.128.155.57:8080/bolt/editcontent/entries,1583186367,
30bb9c,181.39.85.168,GET,http://178.128.155.57:8080/thumbs/100x100c/2020-03/captura.png,1583186368,
7f852b,181.39.85.168,GET,http://178.128.155.57:8080/async/tags/tags,1583186368,
6ec26d,181.39.85.168,GET,http://178.128.155.57:8080/async/populartags/tags?limit=40,1583186368,
ccdf30,181.39.85.168,GET,http://178.128.155.57:8080/async/makeuri?contenttypeslug=entries&fulluri=false&id=&slugfield=slug&title=,1583186368,
87077d,181.39.85.168,GET,http://178.128.155.57:8080/async/makeuri?contenttypeslug=entries&fulluri=false&id=&slugfield=slug&title=A,1583186375,
968b1b,181.39.85.168,GET,http://178.128.155.57:8080/async/makeuri?contenttypeslug=entries&fulluri=false&id=&slugfield=slug&title=An,1583186375,
d74b67,181.39.85.168,GET,http://178.128.155.57:8080/async/makeuri?contenttypeslug=entries&fulluri=false&id=&slugfield=slug&title=Ani,1583186375,
1848dc,181.39.85.168,GET,http://178.128.155.57:8080/async/makeuri?contenttypeslug=entries&fulluri=false&id=&slugfield=slug&title=Anima,1583186376,
1e6230,181.39.85.168,GET,http://178.128.155.57:8080/async/makeuri?contenttypeslug=entries&fulluri=false&id=&slugfield=slug&title=Animacion,1583186376,
e4d7e1,181.39.85.168,GET,http://178.128.155.57:8080/async/makeuri?contenttypeslug=entries&fulluri=false&id=&slugfield=slug&title=Animacion,1583186378,
55bc04,181.39.85.168,POST,http://178.128.155.57:8080/bolt/editcontent/entries?returnto=new,1583186395,
5bac7b,127.0.0.1,GET,http://178.128.155.57:8080/async/lastmodified/entries,1583186396,1e5f0f
eecdb1,127.0.0.1,GET,http://178.128.155.57:8080/async/showstack?items=10,1583186396,1e5f0f
1e5f0f,181.39.85.168,GET,http://178.128.155.57:8080/bolt/editcontent/entries/11,1583186396,
c17668,181.39.85.168,GET,http://178.128.155.57:8080/thumbs/100x100c/2020-03/captura.png,1583186397,
645970,181.39.85.168,GET,http://178.128.155.57:8080/async/tags/tags,1583186398,
ab545b,181.39.85.168,GET,http://178.128.155.57:8080/async/populartags/tags?limit=40,1583186398,
0ce6cd,181.39.85.168,GET,http://178.128.155.57:8080/bolt/editcontent/entries/main.css,1583186398,
c3dca0,181.39.85.168,POST,http://178.128.155.57:8080/preview/entry,1583186400,
0846e6,127.0.0.1,GET,http://178.128.155.57:8080/async/lastmodified/entries,1583186447,1ccdfc
9e738b,127.0.0.1,GET,http://178.128.155.57:8080/async/showstack?items=10,1583186447,1ccdfc
1ccdfc,181.39.85.168,GET,http://178.128.155.57:8080/bolt/editcontent/entries/11,1583186447,
cfeb81,181.39.85.168,GET,http://178.128.155.57:8080/thumbs/100x100c/2020-03/captura.png,1583186449,
f7e706,181.39.85.168,GET,http://178.128.155.57:8080/async/populartags/tags?limit=40,1583186449,
3fe268,181.39.85.168,GET,http://178.128.155.57:8080/async/tags/tags,1583186449,
f31aa8,181.39.85.168,GET,http://178.128.155.57:8080/bolt/editcontent/entries/main.css,1583186449,
75b129,181.39.85.168,POST,http://178.128.155.57:8080/bolt/editcontent/entries/11?returnto=ajax,1583186500,
3dc266,181.39.85.168,GET,http://178.128.155.57:8080/bolt/editcontent/entries/main.css,1583186500,
9da87c,127.0.0.1,GET,http://178.128.155.57:8080/async/lastmodified/showcases,1583186503,9859a7
0907c4,127.0.0.1,GET,http://178.128.155.57:8080/async/showstack?items=10,1583186503,9859a7
9859a7,181.39.85.168,GET,http://178.128.155.57:8080/bolt/editcontent/showcases,1583186503,
4e2aa9,181.39.85.168,GET,http://178.128.155.57:8080/thumbs/100x100c/2020-03/captura.png,1583186504,
bfa218,181.39.85.168,GET,http://178.128.155.57:8080/async/tags/tags,1583186504,
7b3515,181.39.85.168,GET,http://178.128.155.57:8080/async/populartags/tags?limit=40,1583186504,
f5534e,181.39.85.168,GET,http://178.128.155.57:8080/async/makeuri?contenttypeslug=showcases&fulluri=false&id=&slugfield=slug&title=,1583186505,
13c740,127.0.0.1,GET,http://178.128.155.57:8080/async/lastmodified/showcases,1583186506,423a5b
423a5b,181.39.85.168,GET,http://178.128.155.57:8080/bolt/overview/showcases,1583186506,
791592,181.39.85.168,GET,http://178.128.155.57:8080/thumbs/80x60c/california-foggy-golden-gate-bridge-2771.jpg,1583186507,
670283,181.39.85.168,GET,http://178.128.155.57:8080/thumbs/80x60c/keyboard-old-technology-2318.jpg,1583186507,
268213,181.39.85.168,GET,http://178.128.155.57:8080/thumbs/80x60c/architecture-books-building-2757.jpg,1583186507,
d86e40,181.39.85.168,GET,http://178.128.155.57:8080/thumbs/80x60c/agriculture-cereals-field-621.jpg,1583186507,
9ffd21,181.39.85.168,GET,http://178.128.155.57:8080/thumbs/80x60c/garden-gardening-grass-589.jpg,1583186508,
8a5048,181.39.85.168,GET,http://178.128.155.57:8080/thumbs/80x60c/bell-bills-cash-register-2738.jpg,1583186508,
03d8ac,181.39.85.168,GET,http://178.128.155.57:8080/thumbs/80x60c/blur-breakfast-coffee-271.jpg,1583186508,
8386bb,127.0.0.1,GET,http://178.128.155.57:8080/async/latestactivity,1583186518,cb72bd
cb72bd,181.39.85.168,GET,http://178.128.155.57:8080/bolt/users,1583186518,
9c406d,181.39.85.168,GET,http://178.128.155.57:8080/bolt/dbcheck,1583186524,
5779a3,181.39.85.168,GET,http://178.128.155.57:8080/bolt/files/theme,1583186541,
739ce5,181.39.85.168,GET,http://178.128.155.57:8080/bolt/files/theme/default,1583186549,
bd1272,181.39.85.168,GET,http://178.128.155.57:8080/bolt/files/theme/default/css,1583186562,
71d768,181.39.85.168,GET,http://178.128.155.57:8080/bolt/file/edit/config/menu.yml,1583186595,
189c72,181.39.85.168,GET,http://178.128.155.57:8080/bolt/file/edit/config/routing.yml,1583186620,
a69651,181.39.85.168,GET,http://178.128.155.57:8080/bolt/changelog,1583186628,
0d450b,181.39.85.168,GET,http://178.128.155.57:8080/bolt/systemlog,1583186632,
9c9b38,181.39.85.168,GET,http://178.128.155.57:8080/bolt/file/edit/config/taxonomy.yml,1583186638,
fabbc3,181.39.85.168,GET,http://178.128.155.57:8080/bolt/file/edit/config/config.yml,1583186643,
9378db,181.39.85.168,POST,http://178.128.155.57:8080/bolt/file/edit/config/config.yml?returnto=ajax,1583186656,
467d24,127.0.0.1,GET,http://178.128.155.57:8080/async/dashboardnews,1583186658,474710
4d0aad,127.0.0.1,GET,http://178.128.155.57:8080/async/showstack?items=10,1583186658,474710
3cd6eb,127.0.0.1,GET,http://178.128.155.57:8080/async/latestactivity,1583186658,474710
474710,181.39.85.168,GET,http://178.128.155.57:8080/bolt,1583186658,
efcc52,181.39.85.168,GET,http://178.128.155.57:8080/thumbs/54x41c/alarm-clock-gold-hands-of-a-clock-1778.jpg,1583186659,
b23758,181.39.85.168,GET,http://178.128.155.57:8080/thumbs/54x41c/2020-03/captura.png,1583186659,
387e24,181.39.85.168,GET,http://178.128.155.57:8080/thumbs/54x41c/keyboard-old-technology-2318.jpg,1583186659,
6ff582,181.39.85.168,GET,http://178.128.155.57:8080/thumbs/100x100c/2020-03/captura.png,1583186659,
c93a7d,181.39.85.168,GET,http://178.128.155.57:8080/thumbs/54x41c/architecture-books-building-2757.jpg,1583186659,
977e38,181.39.85.168,GET,http://178.128.155.57:8080/thumbs/54x41c/blur-breakfast-coffee-271.jpg,1583186660,
48184c,181.39.85.168,GET,http://178.128.155.57:8080/thumbs/54x41c/agriculture-cereals-field-621.jpg,1583186660,
6201ea,181.39.85.168,GET,http://178.128.155.57:8080/thumbs/54x41c/carrot-cooking-eat-1398.jpg,1583186660,
42cb6b,181.39.85.168,GET,http://178.128.155.57:8080/thumbs/54x41c/california-foggy-golden-gate-bridge-2771.jpg,1583186660,
3f23a6,181.39.85.168,GET,http://178.128.155.57:8080/,1583186663,
7a7492,181.39.85.168,GET,http://178.128.155.57:8080/thumbs/400x260c/carrot-cooking-eat-1398.jpg,1583186663,
fb635c,181.39.85.168,GET,http://178.128.155.57:8080/thumbs/400x260c/blur-flowers-home-1093.jpg,1583186664,
01b289,181.39.85.168,GET,http://178.128.155.57:8080/thumbs/400x260c/keyboard-old-technology-2318.jpg,1583186664,
5132bd,181.39.85.168,GET,http://178.128.155.57:8080/thumbs/400x260c/building-frame-garage-1599.jpg,1583186664,
df2311,181.39.85.168,GET,http://178.128.155.57:8080/bolt/file/edit/config/config.yml,1583186675,
de1258,181.39.85.168,POST,http://178.128.155.57:8080/bolt/file/edit/config/config.yml?returnto=ajax,1583186720,
6d6d04,127.0.0.1,GET,http://178.128.155.57:8080/async/dashboardnews,1583186722,1e5f6f
907f50,127.0.0.1,GET,http://178.128.155.57:8080/async/showstack?items=10,1583186722,1e5f6f
aea5eb,127.0.0.1,GET,http://178.128.155.57:8080/async/latestactivity,1583186722,1e5f6f
1e5f6f,181.39.85.168,GET,http://178.128.155.57:8080/bolt,1583186722,
feb96c,181.39.85.168,GET,http://178.128.155.57:8080/thumbs/54x41c/2020-03/captura.png,1583186723,
52725c,181.39.85.168,GET,http://178.128.155.57:8080/thumbs/54x41c/alarm-clock-gold-hands-of-a-clock-1778.jpg,1583186723,
eb6c54,181.39.85.168,GET,http://178.128.155.57:8080/thumbs/54x41c/carrot-cooking-eat-1398.jpg,1583186723,
7827f2,181.39.85.168,GET,http://178.128.155.57:8080/thumbs/54x41c/blur-breakfast-coffee-271.jpg,1583186723,
f30fa2,181.39.85.168,GET,http://178.128.155.57:8080/thumbs/54x41c/architecture-books-building-2757.jpg,1583186723,
b9cd03,181.39.85.168,GET,http://178.128.155.57:8080/thumbs/54x41c/keyboard-old-technology-2318.jpg,1583186723,
ec6d92,181.39.85.168,GET,http://178.128.155.57:8080/thumbs/100x100c/2020-03/captura.png,1583186723,
7a2da0,181.39.85.168,GET,http://178.128.155.57:8080/thumbs/54x41c/agriculture-cereals-field-621.jpg,1583186724,
2a7007,181.39.85.168,GET,http://178.128.155.57:8080/thumbs/54x41c/california-foggy-golden-gate-bridge-2771.jpg,1583186724,
5191d8,181.39.85.168,GET,http://178.128.155.57:8080/,1583186725,
9e37bd,181.39.85.168,GET,http://178.128.155.57:8080/thumbs/400x260c/blur-flowers-home-1093.jpg,1583186726,
262124,181.39.85.168,GET,http://178.128.155.57:8080/thumbs/400x260c/carrot-cooking-eat-1398.jpg,1583186726,
9d3826,181.39.85.168,GET,http://178.128.155.57:8080/thumbs/400x260c/building-frame-garage-1599.jpg,1583186726,
db590a,181.39.85.168,GET,http://178.128.155.57:8080/thumbs/400x260c/keyboard-old-technology-2318.jpg,1583186726,
56b582,181.39.85.168,GET,http://178.128.155.57:8080/bolt/file/edit/config/config.yml,1583186742,
9f4063,181.39.85.168,POST,http://178.128.155.57:8080/bolt/file/edit/config/config.yml?returnto=ajax,1583186757,
557488,181.39.85.168,POST,http://178.128.155.57:8080/bolt/file/edit/config/config.yml?returnto=ajax,1583186761,
2f9587,181.39.85.168,GET,http://178.128.155.57:8080/,1583186763,
d302ae,181.39.85.168,GET,http://178.128.155.57:8080/thumbs/400x260c/carrot-cooking-eat-1398.jpg,1583186764,
169152,181.39.85.168,GET,http://178.128.155.57:8080/thumbs/400x260c/building-frame-garage-1599.jpg,1583186764,
9a85de,181.39.85.168,GET,http://178.128.155.57:8080/thumbs/400x260c/blur-flowers-home-1093.jpg,1583186764,
8bf49a,181.39.85.168,GET,http://178.128.155.57:8080/thumbs/400x260c/keyboard-old-technology-2318.jpg,1583186764,
55bdff,181.39.85.168,GET,http://178.128.155.57:8080/bolt/files/theme,1583186792,
ee5d30,181.39.85.168,GET,http://178.128.155.57:8080/bolt/file/edit/config/config.yml,1583186823,
1a910f,181.39.85.168,GET,http://178.128.155.57:8080/bolt/file/edit/config/config.yml,1583186842,
77db8a,181.39.85.168,GET,http://178.128.155.57:8080/,1583186865,
0b13a1,181.39.85.168,GET,http://178.128.155.57:8080/thumbs/400x260c/blur-flowers-home-1093.jpg,1583186865,
3123f3,181.39.85.168,GET,http://178.128.155.57:8080/thumbs/400x260c/carrot-cooking-eat-1398.jpg,1583186865,
d929bc,181.39.85.168,GET,http://178.128.155.57:8080/thumbs/400x260c/building-frame-garage-1599.jpg,1583186865,
e6000b,181.39.85.168,GET,http://178.128.155.57:8080/thumbs/400x260c/keyboard-old-technology-2318.jpg,1583186865,
bb8c0b,127.0.0.1,GET,http://178.128.155.57:8080/async/lastmodified/pages,1583186875,404a39
404a39,181.39.85.168,GET,http://178.128.155.57:8080/bolt/overview/pages,1583186875,
3d4023,181.39.85.168,GET,http://178.128.155.57:8080/thumbs/80x60c/2020-03/captura.png,1583186877,
139a8c,127.0.0.1,GET,http://178.128.155.57:8080/async/lastmodified/entries,1583186885,3ffef9
3ffef9,181.39.85.168,GET,http://178.128.155.57:8080/bolt/overview/entries,1583186885,
72da4a,181.39.85.168,GET,http://178.128.155.57:8080/thumbs/80x60c/carrot-cooking-eat-1398.jpg,1583186886,
5f4f0f,181.39.85.168,GET,http://178.128.155.57:8080/thumbs/80x60c/blur-flowers-home-1093.jpg,1583186886,
53b2e4,181.39.85.168,GET,http://178.128.155.57:8080/thumbs/80x60c/building-frame-garage-1599.jpg,1583186886,
08de3b,181.39.85.168,GET,http://178.128.155.57:8080/thumbs/80x60c/alarm-clock-gold-hands-of-a-clock-1778.jpg,1583186886,
4bc81c,181.39.85.168,GET,http://178.128.155.57:8080/thumbs/80x60c/keyboard-old-technology-2318.jpg,1583186886,
125339,181.39.85.168,GET,http://178.128.155.57:8080/thumbs/80x60c/architecture-books-building-2757.jpg,1583186886,
bd258e,181.39.85.168,GET,http://178.128.155.57:8080/thumbs/80x60c/agriculture-cereals-field-621.jpg,1583186886,
058849,181.39.85.168,GET,"http://178.128.155.57:8080/bolt/content/deletecontent/entries/7,6,1,5,8,10,9,4,3?bolt_csrf_token=ab864750",1583186893,
85c672,127.0.0.1,GET,http://178.128.155.57:8080/async/lastmodified/entries,1583186894,451bad
451bad,181.39.85.168,GET,http://178.128.155.57:8080/bolt/overview/entries,1583186894,
ceb372,181.39.85.168,GET,http://178.128.155.57:8080/,1583186900,
bb3491,181.39.85.168,GET,http://178.128.155.57:8080/thumbs/400x260c/blur-breakfast-coffee-271.jpg,1583186900,
26efb0,127.0.0.1,GET,http://178.128.155.57:8080/async/lastmodified/showcases,1583186910,99bc0e
99bc0e,181.39.85.168,GET,http://178.128.155.57:8080/bolt/overview/showcases,1583186910,
f10652,181.39.85.168,GET,http://178.128.155.57:8080/thumbs/80x60c/california-foggy-golden-gate-bridge-2771.jpg,1583186911,
d6ea88,181.39.85.168,GET,http://178.128.155.57:8080/thumbs/80x60c/keyboard-old-technology-2318.jpg,1583186911,
8e26cf,181.39.85.168,GET,http://178.128.155.57:8080/thumbs/80x60c/architecture-books-building-2757.jpg,1583186911,
84ab4e,181.39.85.168,GET,http://178.128.155.57:8080/thumbs/80x60c/garden-gardening-grass-589.jpg,1583186911,
003bd6,181.39.85.168,GET,http://178.128.155.57:8080/thumbs/80x60c/bell-bills-cash-register-2738.jpg,1583186911,
eb0af7,181.39.85.168,GET,http://178.128.155.57:8080/thumbs/80x60c/agriculture-cereals-field-621.jpg,1583186911,
aa18d4,181.39.85.168,GET,http://178.128.155.57:8080/thumbs/80x60c/blur-breakfast-coffee-271.jpg,1583186911,
26897b,181.39.85.168,GET,"http://178.128.155.57:8080/bolt/content/deletecontent/showcases/7,3,8,6,4,10,2,5,9,1?bolt_csrf_token=ab864750",1583186918,
7fe4c0,127.0.0.1,GET,http://178.128.155.57:8080/async/lastmodified/showcases,1583186918,ddcfda
ddcfda,181.39.85.168,GET,http://178.128.155.57:8080/bolt/overview/showcases,1583186918,
8abaa8,181.39.85.168,GET,http://178.128.155.57:8080/,1583186921,
10a261,181.39.85.168,GET,http://178.128.155.57:8080/thumbs/400x260c/blur-breakfast-coffee-271.jpg,1583186921,
b18fa6,181.39.85.168,GET,http://178.128.155.57:8080/entry/animacion,1583186926,
4585b1,181.39.85.168,GET,http://178.128.155.57:8080/entry/disserendi-artem-nullam-habuit,1583186931,
116240,181.39.85.168,GET,http://178.128.155.57:8080/thumbs/400x260c/blur-breakfast-coffee-271.jpg,1583186933,
0044cc,127.0.0.1,GET,http://178.128.155.57:8080/async/lastmodified/entries,1583186954,ece405
2f1276,127.0.0.1,GET,http://178.128.155.57:8080/async/showstack?items=10,1583186954,ece405
ece405,181.39.85.168,GET,http://178.128.155.57:8080/bolt/editcontent/entries/11,1583186954,
f1f63f,181.39.85.168,GET,http://178.128.155.57:8080/thumbs/100x100c/2020-03/captura.png,1583186955,
e3c512,181.39.85.168,GET,http://178.128.155.57:8080/async/populartags/tags?limit=40,1583186955,
c759ae,181.39.85.168,GET,http://178.128.155.57:8080/async/tags/tags,1583186955,
557168,181.39.85.168,GET,http://178.128.155.57:8080/bolt/editcontent/entries/main.css,1583186955,
52812b,127.0.0.1,GET,http://178.128.155.57:8080/async/lastmodified/pages,1583186972,f97408
f97408,181.39.85.168,GET,http://178.128.155.57:8080/bolt/overview/pages,1583186972,
8a2699,181.39.85.168,GET,http://178.128.155.57:8080/thumbs/80x60c/2020-03/captura.png,1583186972,
319d3c,181.39.85.168,GET,http://178.128.155.57:8080/bolt/dbcheck,1583186985,
84c9af,181.39.85.168,GET,http://178.128.155.57:8080/bolt/prefill,1583186989,
b7aef9,181.39.85.168,POST,http://178.128.155.57:8080/bolt/prefill,1583187009,
d414cc,181.39.85.168,GET,http://178.128.155.57:8080/bolt/prefill,1583187009,
87b92a,181.39.85.168,GET,http://178.128.155.57:8080/,1583187012,
7bca44,181.39.85.168,GET,http://178.128.155.57:8080/thumbs/400x260c/bell-bills-cash-register-2738.jpg,1583187012,
1dff0a,181.39.85.168,GET,http://178.128.155.57:8080/thumbs/400x260c/configure-disc-jockey-disco-1504.jpg,1583187012,
6ad130,181.39.85.168,GET,http://178.128.155.57:8080/thumbs/400x260c/food-fruit-orange-1286.jpg,1583187012,
2951b3,181.39.85.168,GET,http://178.128.155.57:8080/thumbs/400x260c/apple-desk-iphone-2750.jpg,1583187012,
59da5d,181.39.85.168,GET,http://178.128.155.57:8080/bolt/files,1583187038,
39a606,181.39.85.168,GET,http://178.128.155.57:8080/thumbs/54x40c/agriculture-cereals-field-621.jpg,1583187040,
f0b0c7,181.39.85.168,GET,http://178.128.155.57:8080/thumbs/54x40c/alarm-clock-gold-hands-of-a-clock-1778.jpg,1583187041,
dd24a5,181.39.85.168,GET,http://178.128.155.57:8080/thumbs/54x40c/architecture-books-building-2757.jpg,1583187041,
bf7bb0,181.39.85.168,GET,http://178.128.155.57:8080/thumbs/54x40c/analog-camera-photography-vintage-1844.jpg,1583187041,
d9ed02,181.39.85.168,GET,http://178.128.155.57:8080/thumbs/54x40c/apple-desk-iphone-2750.jpg,1583187041,
9fa824,181.39.85.168,GET,http://178.128.155.57:8080/thumbs/54x40c/bell-bills-cash-register-2738.jpg,1583187041,
a3b980,181.39.85.168,GET,http://178.128.155.57:8080/thumbs/54x40c/blur-breakfast-coffee-271.jpg,1583187041,
a1bbbc,181.39.85.168,GET,http://178.128.155.57:8080/thumbs/54x40c/building-frame-garage-1599.jpg,1583187041,
a4aa5f,181.39.85.168,GET,http://178.128.155.57:8080/thumbs/54x40c/blur-flowers-home-1093.jpg,1583187041,
06e562,181.39.85.168,GET,http://178.128.155.57:8080/thumbs/54x40c/california-foggy-golden-gate-bridge-2771.jpg,1583187041,
93a931,181.39.85.168,GET,http://178.128.155.57:8080/thumbs/54x40c/configure-disc-jockey-disco-1504.jpg,1583187042,
385182,181.39.85.168,GET,http://178.128.155.57:8080/thumbs/54x40c/carrot-cooking-eat-1398.jpg,1583187042,
5200f4,181.39.85.168,GET,http://178.128.155.57:8080/thumbs/54x40c/food-fruit-orange-1286.jpg,1583187042,
2c7f6e,181.39.85.168,GET,http://178.128.155.57:8080/thumbs/54x40c/garden-gardening-grass-589.jpg,1583187042,
c2387b,181.39.85.168,GET,http://178.128.155.57:8080/thumbs/54x40c/keyboard-old-technology-2318.jpg,1583187042,
12d8a7,181.39.85.168,GET,http://178.128.155.57:8080/bolt/file/edit/files/index.html,1583187065,
c6b4ae,127.0.0.1,GET,http://178.128.155.57:8080/async/lastmodified/pages,1583187158,4b673b
4b673b,181.39.85.168,GET,http://178.128.155.57:8080/bolt/overview/pages,1583187158,
318430,181.39.85.168,GET,http://178.128.155.57:8080/thumbs/80x60c/2020-03/captura.png,1583187158,
c0ea13,181.39.85.168,GET,http://178.128.155.57:8080/thumbs/80x60c/analog-camera-photography-vintage-1844.jpg,1583187158,
5c5219,181.39.85.168,GET,http://178.128.155.57:8080/thumbs/80x60c/blur-breakfast-coffee-271.jpg,1583187158,
4fde8d,181.39.85.168,GET,http://178.128.155.57:8080/thumbs/80x60c/apple-desk-iphone-2750.jpg,1583187158,
c60045,181.39.85.168,GET,http://178.128.155.57:8080/thumbs/80x60c/bell-bills-cash-register-2738.jpg,1583187159,
a54a13,181.39.85.168,GET,"http://178.128.155.57:8080/bolt/content/deletecontent/pages/5,6,4,2,1?bolt_csrf_token=ab864750",1583187169,
9c4917,127.0.0.1,GET,http://178.128.155.57:8080/async/lastmodified/pages,1583187170,1551e6
1551e6,181.39.85.168,GET,http://178.128.155.57:8080/bolt/overview/pages,1583187170,
7fbafe,127.0.0.1,GET,http://178.128.155.57:8080/async/lastmodified/pages,1583187173,e03438
b5712a,127.0.0.1,GET,http://178.128.155.57:8080/async/showstack?items=10,1583187173,e03438
e03438,181.39.85.168,GET,http://178.128.155.57:8080/bolt/editcontent/pages,1583187173,
351d4f,181.39.85.168,GET,http://178.128.155.57:8080/thumbs/100x100c/2020-03/captura.png,1583187173,
f391b3,181.39.85.168,GET,http://178.128.155.57:8080/async/makeuri?contenttypeslug=pages&fulluri=false&id=&slugfield=slug&title=,1583187173,
8cacdd,181.39.85.168,GET,http://178.128.155.57:8080/async/makeuri?contenttypeslug=pages&fulluri=false&id=&slugfield=slug&title=A,1583187175,
daa5ef,181.39.85.168,GET,http://178.128.155.57:8080/async/makeuri?contenttypeslug=pages&fulluri=false&id=&slugfield=slug&title=An,1583187176,
ce1e8c,181.39.85.168,GET,http://178.128.155.57:8080/async/makeuri?contenttypeslug=pages&fulluri=false&id=&slugfield=slug&title=Ani,1583187176,
c173ad,181.39.85.168,GET,http://178.128.155.57:8080/async/makeuri?contenttypeslug=pages&fulluri=false&id=&slugfield=slug&title=Anima,1583187176,
74ebc6,181.39.85.168,GET,http://178.128.155.57:8080/async/makeuri?contenttypeslug=pages&fulluri=false&id=&slugfield=slug&title=Animacion%20,1583187177,
aa7e98,181.39.85.168,GET,http://178.128.155.57:8080/async/makeuri?contenttypeslug=pages&fulluri=false&id=&slugfield=slug&title=Animacion%20%C2%B7,1583187178,
fe81e3,181.39.85.168,GET,http://178.128.155.57:8080/async/makeuri?contenttypeslug=pages&fulluri=false&id=&slugfield=slug&title=Animacion%20,1583187179,
dd85b6,181.39.85.168,GET,http://178.128.155.57:8080/async/makeuri?contenttypeslug=pages&fulluri=false&id=&slugfield=slug&title=Animacion%20%23,1583187179,
3305c0,181.39.85.168,GET,http://178.128.155.57:8080/async/makeuri?contenttypeslug=pages&fulluri=false&id=&slugfield=slug&title=Animacion%20%23%20,1583187180,
c74283,181.39.85.168,GET,http://178.128.155.57:8080/async/makeuri?contenttypeslug=pages&fulluri=false&id=&slugfield=slug&title=Animacion%20%23%202,1583187180,
d07832,181.39.85.168,GET,http://178.128.155.57:8080/async/makeuri?contenttypeslug=pages&fulluri=false&id=&slugfield=slug&title=Animacion%20%23%202,1583187188,
014c56,181.39.85.168,POST,http://178.128.155.57:8080/bolt/editcontent/pages?returnto=new,1583187193,
29c8be,127.0.0.1,GET,http://178.128.155.57:8080/async/lastmodified/pages,1583187194,36d2a7
1ddc29,127.0.0.1,GET,http://178.128.155.57:8080/async/showstack?items=10,1583187194,36d2a7
36d2a7,181.39.85.168,GET,http://178.128.155.57:8080/bolt/editcontent/pages/4,1583187194,
40fb2e,181.39.85.168,GET,http://178.128.155.57:8080/thumbs/100x100c/2020-03/captura.png,1583187195,
1e938c,181.39.85.168,GET,http://178.128.155.57:8080/bolt/editcontent/pages/main.css,1583187195,
c68ac1,127.0.0.1,GET,http://178.128.155.57:8080/async/dashboardnews,1583187199,e105ec
2eca23,127.0.0.1,GET,http://178.128.155.57:8080/async/showstack?items=10,1583187199,e105ec
4a8654,127.0.0.1,GET,http://178.128.155.57:8080/async/latestactivity,1583187199,e105ec
e105ec,181.39.85.168,GET,http://178.128.155.57:8080/bolt,1583187199,
3cf243,181.39.85.168,GET,http://178.128.155.57:8080/thumbs/54x41c/apple-desk-iphone-2750.jpg,1583187200,
1e2eda,181.39.85.168,GET,http://178.128.155.57:8080/thumbs/54x41c/2020-03/captura.png,1583187200,
3fed09,181.39.85.168,GET,http://178.128.155.57:8080/thumbs/54x41c/configure-disc-jockey-disco-1504.jpg,1583187200,
6b2ad1,181.39.85.168,GET,http://178.128.155.57:8080/thumbs/54x41c/food-fruit-orange-1286.jpg,1583187200,
1e82c8,181.39.85.168,GET,http://178.128.155.57:8080/thumbs/54x41c/bell-bills-cash-register-2738.jpg,1583187200,
ad0d74,181.39.85.168,GET,http://178.128.155.57:8080/thumbs/54x41c/garden-gardening-grass-589.jpg,1583187200,
702d17,181.39.85.168,GET,http://178.128.155.57:8080/thumbs/100x100c/2020-03/captura.png,1583187200,
bcc8f7,181.39.85.168,GET,http://178.128.155.57:8080/thumbs/54x41c/keyboard-old-technology-2318.jpg,1583187201,
efd86c,181.39.85.168,GET,http://178.128.155.57:8080/thumbs/54x41c/agriculture-cereals-field-621.jpg,1583187201,
106a77,127.0.0.1,GET,http://178.128.155.57:8080/async/lastmodified/pages,1583187206,aa9e0f
c25936,127.0.0.1,GET,http://178.128.155.57:8080/async/showstack?items=10,1583187206,aa9e0f
aa9e0f,181.39.85.168,GET,http://178.128.155.57:8080/bolt/editcontent/pages/3,1583187206,
154b9c,181.39.85.168,GET,http://178.128.155.57:8080/thumbs/200x150c/2020-03/captura.png,1583187207,
a3394b,181.39.85.168,GET,http://178.128.155.57:8080/thumbs/100x100c/2020-03/captura.png,1583187207,
ce6c35,181.39.85.168,POST,http://178.128.155.57:8080/bolt/editcontent/pages/3?returnto=ajax,1583187250,
66bea5,181.39.85.168,POST,http://178.128.155.57:8080/bolt/editcontent/pages/3?returnto=ajax,1583187253,
0b12e3,127.0.0.1,GET,http://178.128.155.57:8080/async/lastmodified/pages,1583187254,300436
300436,181.39.85.168,GET,http://178.128.155.57:8080/bolt/overview/pages,1583187254,
ed0605,181.39.85.168,GET,http://178.128.155.57:8080/thumbs/80x60c/2020-03/captura.png,1583187255,
ce7b22,127.0.0.1,GET,http://178.128.155.57:8080/async/lastmodified/pages,1583187260,441e9a
fdc539,127.0.0.1,GET,http://178.128.155.57:8080/async/showstack?items=10,1583187260,441e9a
441e9a,181.39.85.168,GET,http://178.128.155.57:8080/bolt/editcontent/pages,1583187260,
f8a1a9,181.39.85.168,GET,http://178.128.155.57:8080/thumbs/100x100c/2020-03/captura.png,1583187261,
702ea3,181.39.85.168,GET,http://178.128.155.57:8080/async/makeuri?contenttypeslug=pages&fulluri=false&id=&slugfield=slug&title=,1583187261,
0e5d1b,181.39.85.168,GET,http://178.128.155.57:8080/async/makeuri?contenttypeslug=pages&fulluri=false&id=&slugfield=slug&title=A,1583187263,
edb6e7,181.39.85.168,GET,http://178.128.155.57:8080/async/makeuri?contenttypeslug=pages&fulluri=false&id=&slugfield=slug&title=An,1583187263,
11b83a,181.39.85.168,GET,http://178.128.155.57:8080/async/makeuri?contenttypeslug=pages&fulluri=false&id=&slugfield=slug&title=Ani,1583187263,
638f45,181.39.85.168,GET,http://178.128.155.57:8080/async/makeuri?contenttypeslug=pages&fulluri=false&id=&slugfield=slug&title=Anima,1583187264,
c57674,181.39.85.168,GET,http://178.128.155.57:8080/async/makeuri?contenttypeslug=pages&fulluri=false&id=&slugfield=slug&title=Animacio,1583187264,
f8114f,181.39.85.168,GET,http://178.128.155.57:8080/async/makeuri?contenttypeslug=pages&fulluri=false&id=&slugfield=slug&title=Animacion%20,1583187265,
ee85d1,181.39.85.168,GET,http://178.128.155.57:8080/async/makeuri?contenttypeslug=pages&fulluri=false&id=&slugfield=slug&title=Animacion%20%23,1583187266,
0721b3,181.39.85.168,GET,http://178.128.155.57:8080/async/makeuri?contenttypeslug=pages&fulluri=false&id=&slugfield=slug&title=Animacion%20%23%20,1583187266,
98719d,181.39.85.168,GET,http://178.128.155.57:8080/async/makeuri?contenttypeslug=pages&fulluri=false&id=&slugfield=slug&title=Animacion%20%23%203,1583187267,
edc9b4,181.39.85.168,GET,http://178.128.155.57:8080/async/makeuri?contenttypeslug=pages&fulluri=false&id=&slugfield=slug&title=Animacion%20%23%203,1583187270,
0555dc,181.39.85.168,POST,http://178.128.155.57:8080/bolt/editcontent/pages?returnto=new,1583187286,
e081af,127.0.0.1,GET,http://178.128.155.57:8080/async/lastmodified/pages,1583187287,3346ba
3947d1,127.0.0.1,GET,http://178.128.155.57:8080/async/showstack?items=10,1583187287,3346ba
3346ba,181.39.85.168,GET,http://178.128.155.57:8080/bolt/editcontent/pages/5,1583187287,
e73133,181.39.85.168,GET,http://178.128.155.57:8080/thumbs/100x100c/2020-03/captura.png,1583187288,
7d99d9,181.39.85.168,GET,http://178.128.155.57:8080/bolt/editcontent/pages/main.css,1583187288,
9e6be3,127.0.0.1,GET,http://178.128.155.57:8080/async/lastmodified/pages,1583187295,102cd8
102cd8,181.39.85.168,GET,http://178.128.155.57:8080/bolt/overview/pages,1583187295,
893db4,181.39.85.168,GET,http://178.128.155.57:8080/thumbs/80x60c/2020-03/captura.png,1583187296,
154b1a,127.0.0.1,GET,http://178.128.155.57:8080/async/lastmodified/pages,1583187300,312270
309b31,127.0.0.1,GET,http://178.128.155.57:8080/async/showstack?items=10,1583187300,312270
312270,181.39.85.168,GET,http://178.128.155.57:8080/bolt/editcontent/pages/5,1583187300,
00b1e8,181.39.85.168,GET,http://178.128.155.57:8080/thumbs/100x100c/2020-03/captura.png,1583187303,
09268b,181.39.85.168,GET,http://178.128.155.57:8080/bolt/editcontent/pages/main.css,1583187303,
1d018f,181.39.85.168,POST,http://178.128.155.57:8080/upload?handler=,1583187359,
96402b,181.39.85.168,GET,http://178.128.155.57:8080/thumbs/200x150c/2020-03/captura1.png,1583187359,
d151e3,181.39.85.168,GET,http://178.128.155.57:8080/async/addstack/2020-03/captura1.png,1583187359,
37c76d,181.39.85.168,GET,http://178.128.155.57:8080/thumbs/100x100c/2020-03/captura1.png,1583187359,
26c708,181.39.85.168,POST,http://178.128.155.57:8080/bolt/editcontent/pages/5?returnto=ajax,1583187361,
fa4e65,181.39.85.168,GET,http://178.128.155.57:8080/bolt/editcontent/pages/main.css,1583187361,
2e47b4,127.0.0.1,GET,http://178.128.155.57:8080/async/lastmodified/pages,1583187364,777f09
777f09,181.39.85.168,GET,http://178.128.155.57:8080/bolt/overview/pages,1583187364,
85ab9e,181.39.85.168,GET,http://178.128.155.57:8080/thumbs/80x60c/2020-03/captura.png,1583187364,
7f102d,181.39.85.168,GET,http://178.128.155.57:8080/thumbs/80x60c/2020-03/captura1.png,1583187364,
8154cc,127.0.0.1,GET,http://178.128.155.57:8080/async/lastmodified/pages,1583187367,f03af0
41a386,127.0.0.1,GET,http://178.128.155.57:8080/async/showstack?items=10,1583187367,f03af0
f03af0,181.39.85.168,GET,http://178.128.155.57:8080/bolt/editcontent/pages/4,1583187367,
477fc9,181.39.85.168,GET,http://178.128.155.57:8080/thumbs/100x100c/2020-03/captura1.png,1583187368,
f0f5b3,181.39.85.168,GET,http://178.128.155.57:8080/thumbs/100x100c/2020-03/captura.png,1583187368,
7bca7c,181.39.85.168,GET,http://178.128.155.57:8080/bolt/editcontent/pages/main.css,1583187368,
226634,181.39.85.168,POST,http://178.128.155.57:8080/upload?handler=,1583187372,
f8816c,181.39.85.168,GET,http://178.128.155.57:8080/thumbs/200x150c/2020-03/captura2.png,1583187372,
24c35e,181.39.85.168,GET,http://178.128.155.57:8080/async/addstack/2020-03/captura2.png,1583187372,
ee4444,181.39.85.168,GET,http://178.128.155.57:8080/thumbs/100x100c/2020-03/captura2.png,1583187372,
b7e0a3,181.39.85.168,POST,http://178.128.155.57:8080/bolt/editcontent/pages/4?returnto=ajax,1583187379,
6bf30b,181.39.85.168,GET,http://178.128.155.57:8080/bolt/editcontent/pages/main.css,1583187379,
65e6a5,127.0.0.1,GET,http://178.128.155.57:8080/async/dashboardnews,1583187424,821ea6
e10569,127.0.0.1,GET,http://178.128.155.57:8080/async/showstack?items=10,1583187424,821ea6
60ba2a,127.0.0.1,GET,http://178.128.155.57:8080/async/latestactivity,1583187424,821ea6
821ea6,181.39.85.168,GET,http://178.128.155.57:8080/bolt,1583187424,
ca32c8,181.39.85.168,GET,http://178.128.155.57:8080/thumbs/54x41c/2020-03/captura1.png,1583187424,
e0acab,181.39.85.168,GET,http://178.128.155.57:8080/thumbs/54x41c/2020-03/captura2.png,1583187425,
4a3800,181.39.85.168,GET,http://178.128.155.57:8080/thumbs/54x41c/2020-03/captura.png,1583187425,
0e0ec8,181.39.85.168,GET,http://178.128.155.57:8080/thumbs/100x100c/2020-03/captura1.png,1583187425,
13af6e,181.39.85.168,GET,http://178.128.155.57:8080/thumbs/54x41c/bell-bills-cash-register-2738.jpg,1583187425,
4e505e,181.39.85.168,GET,http://178.128.155.57:8080/thumbs/100x100c/2020-03/captura2.png,1583187425,
9e6778,181.39.85.168,GET,http://178.128.155.57:8080/thumbs/100x100c/2020-03/captura.png,1583187425,
4bb71f,181.39.85.168,GET,http://178.128.155.57:8080/thumbs/54x41c/apple-desk-iphone-2750.jpg,1583187425,
9ca268,181.39.85.168,GET,http://178.128.155.57:8080/thumbs/54x41c/food-fruit-orange-1286.jpg,1583187425,
93b619,181.39.85.168,GET,http://178.128.155.57:8080/thumbs/54x41c/configure-disc-jockey-disco-1504.jpg,1583187425,
819630,181.39.85.168,GET,http://178.128.155.57:8080/thumbs/54x41c/garden-gardening-grass-589.jpg,1583187425,
6befa8,181.39.85.168,GET,http://178.128.155.57:8080/thumbs/54x41c/keyboard-old-technology-2318.jpg,1583187425,
1afd11,181.39.85.168,GET,http://178.128.155.57:8080/thumbs/54x41c/agriculture-cereals-field-621.jpg,1583187425,
866d70,181.39.85.168,POST,http://178.128.155.57:8080/bolt/content/delete/entries/16,1583187434,
ba88d6,127.0.0.1,GET,http://178.128.155.57:8080/async/lastmodified/entries,1583187434,692c0d
692c0d,181.39.85.168,GET,http://178.128.155.57:8080/bolt/overview/entries,1583187434,
d4daef,181.39.85.168,GET,http://178.128.155.57:8080/thumbs/80x60c/bell-bills-cash-register-2738.jpg,1583187434,
2abbeb,181.39.85.168,GET,http://178.128.155.57:8080/thumbs/80x60c/food-fruit-orange-1286.jpg,1583187435,
fea6f8,181.39.85.168,GET,http://178.128.155.57:8080/thumbs/80x60c/blur-breakfast-coffee-271.jpg,1583187435,
1a6631,181.39.85.168,GET,http://178.128.155.57:8080/thumbs/80x60c/configure-disc-jockey-disco-1504.jpg,1583187435,
34e483,127.0.0.1,GET,http://178.128.155.57:8080/async/lastmodified/pages,1583187439,e27c06
e27c06,181.39.85.168,GET,http://178.128.155.57:8080/bolt/overview/pages,1583187439,
d5fa7a,181.39.85.168,GET,http://178.128.155.57:8080/thumbs/80x60c/2020-03/captura1.png,1583187440,
1efc8e,181.39.85.168,GET,http://178.128.155.57:8080/thumbs/80x60c/2020-03/captura.png,1583187440,
990f80,181.39.85.168,GET,http://178.128.155.57:8080/thumbs/80x60c/2020-03/captura2.png,1583187440,
341ace,181.39.85.168,POST,http://178.128.155.57:8080/bolt/content/publish/pages/5,1583187446,
59db38,127.0.0.1,GET,http://178.128.155.57:8080/async/lastmodified/pages,1583187446,9555b4
9555b4,181.39.85.168,GET,http://178.128.155.57:8080/bolt/overview/pages,1583187446,
554c82,181.39.85.168,GET,http://178.128.155.57:8080/thumbs/80x60c/2020-03/captura.png,1583187447,
73d679,181.39.85.168,GET,http://178.128.155.57:8080/thumbs/80x60c/2020-03/captura1.png,1583187447,
d8cc13,181.39.85.168,GET,http://178.128.155.57:8080/thumbs/80x60c/2020-03/captura2.png,1583187447,
94df85,181.39.85.168,POST,http://178.128.155.57:8080/bolt/content/publish/pages/4,1583187450,
36d7c4,127.0.0.1,GET,http://178.128.155.57:8080/async/lastmodified/pages,1583187450,cb3d18
cb3d18,181.39.85.168,GET,http://178.128.155.57:8080/bolt/overview/pages,1583187450,
6b1339,181.39.85.168,GET,http://178.128.155.57:8080/thumbs/80x60c/2020-03/captura.png,1583187451,
935f06,181.39.85.168,GET,http://178.128.155.57:8080/thumbs/80x60c/2020-03/captura1.png,1583187451,
737952,181.39.85.168,GET,http://178.128.155.57:8080/thumbs/80x60c/2020-03/captura2.png,1583187451,
afe7b9,127.0.0.1,GET,http://178.128.155.57:8080/async/lastmodified/entries,1583187454,1acf2d
1acf2d,181.39.85.168,GET,http://178.128.155.57:8080/bolt/overview/entries,1583187454,
6c7a8b,181.39.85.168,GET,http://178.128.155.57:8080/thumbs/80x60c/food-fruit-orange-1286.jpg,1583187455,
b50cdc,181.39.85.168,GET,http://178.128.155.57:8080/thumbs/80x60c/bell-bills-cash-register-2738.jpg,1583187455,
4745ac,181.39.85.168,GET,http://178.128.155.57:8080/thumbs/80x60c/configure-disc-jockey-disco-1504.jpg,1583187455,
34cc23,181.39.85.168,GET,http://178.128.155.57:8080/thumbs/80x60c/blur-breakfast-coffee-271.jpg,1583187455,
b6ba51,181.39.85.168,POST,http://178.128.155.57:8080/bolt/content/draft/entries/13,1583187463,
dd787c,127.0.0.1,GET,http://178.128.155.57:8080/async/lastmodified/entries,1583187464,71780e
71780e,181.39.85.168,GET,http://178.128.155.57:8080/bolt/overview/entries,1583187464,
8b18f6,181.39.85.168,GET,http://178.128.155.57:8080/thumbs/80x60c/bell-bills-cash-register-2738.jpg,1583187464,
0673d6,181.39.85.168,GET,http://178.128.155.57:8080/thumbs/80x60c/food-fruit-orange-1286.jpg,1583187464,
4ac347,181.39.85.168,GET,http://178.128.155.57:8080/thumbs/80x60c/blur-breakfast-coffee-271.jpg,1583187464,
0750bb,181.39.85.168,GET,http://178.128.155.57:8080/thumbs/80x60c/configure-disc-jockey-disco-1504.jpg,1583187464,
3e22cb,181.39.85.168,POST,http://178.128.155.57:8080/bolt/content/draft/entries/15,1583187476,
1d1b05,127.0.0.1,GET,http://178.128.155.57:8080/async/lastmodified/entries,1583187476,fbdb5b
fbdb5b,181.39.85.168,GET,http://178.128.155.57:8080/bolt/overview/entries,1583187476,
19f878,181.39.85.168,GET,http://178.128.155.57:8080/thumbs/80x60c/food-fruit-orange-1286.jpg,1583187477,
8fee03,181.39.85.168,GET,http://178.128.155.57:8080/thumbs/80x60c/bell-bills-cash-register-2738.jpg,1583187477,
8b27dc,181.39.85.168,GET,http://178.128.155.57:8080/thumbs/80x60c/blur-breakfast-coffee-271.jpg,1583187477,
5b2583,181.39.85.168,GET,http://178.128.155.57:8080/thumbs/80x60c/configure-disc-jockey-disco-1504.jpg,1583187477,
b292cf,181.39.85.168,POST,http://178.128.155.57:8080/bolt/content/draft/entries/12,1583187479,
1aece8,127.0.0.1,GET,http://178.128.155.57:8080/async/lastmodified/entries,1583187480,8a1507
8a1507,181.39.85.168,GET,http://178.128.155.57:8080/bolt/overview/entries,1583187480,
8fffd8,181.39.85.168,GET,http://178.128.155.57:8080/thumbs/80x60c/food-fruit-orange-1286.jpg,1583187480,
0bd8e5,181.39.85.168,GET,http://178.128.155.57:8080/thumbs/80x60c/bell-bills-cash-register-2738.jpg,1583187480,
fac8d4,181.39.85.168,GET,http://178.128.155.57:8080/thumbs/80x60c/blur-breakfast-coffee-271.jpg,1583187480,
ae5fce,181.39.85.168,GET,http://178.128.155.57:8080/thumbs/80x60c/configure-disc-jockey-disco-1504.jpg,1583187480,
264314,181.39.85.168,POST,http://178.128.155.57:8080/bolt/content/draft/entries/14,1583187483,
2bd359,127.0.0.1,GET,http://178.128.155.57:8080/async/lastmodified/entries,1583187484,4d3d85
4d3d85,181.39.85.168,GET,http://178.128.155.57:8080/bolt/overview/entries,1583187484,
cd5f18,181.39.85.168,GET,http://178.128.155.57:8080/thumbs/80x60c/food-fruit-orange-1286.jpg,1583187484,
b482a2,181.39.85.168,GET,http://178.128.155.57:8080/thumbs/80x60c/bell-bills-cash-register-2738.jpg,1583187484,
fdd096,181.39.85.168,GET,http://178.128.155.57:8080/thumbs/80x60c/configure-disc-jockey-disco-1504.jpg,1583187484,
6a7776,181.39.85.168,GET,http://178.128.155.57:8080/thumbs/80x60c/blur-breakfast-coffee-271.jpg,1583187484,
a8aaa8,181.39.85.168,POST,http://178.128.155.57:8080/bolt/content/draft/entries/2,1583187487,
18b1e3,127.0.0.1,GET,http://178.128.155.57:8080/async/lastmodified/entries,1583187487,85b75c
85b75c,181.39.85.168,GET,http://178.128.155.57:8080/bolt/overview/entries,1583187487,
7623dd,181.39.85.168,GET,http://178.128.155.57:8080/thumbs/80x60c/bell-bills-cash-register-2738.jpg,1583187488,
53e3d1,181.39.85.168,GET,http://178.128.155.57:8080/thumbs/80x60c/food-fruit-orange-1286.jpg,1583187488,
57c562,181.39.85.168,GET,http://178.128.155.57:8080/thumbs/80x60c/blur-breakfast-coffee-271.jpg,1583187488,
c084b4,181.39.85.168,GET,http://178.128.155.57:8080/thumbs/80x60c/configure-disc-jockey-disco-1504.jpg,1583187488,
250b0e,127.0.0.1,GET,http://178.128.155.57:8080/async/dashboardnews,1583187490,cf2957
62b631,127.0.0.1,GET,http://178.128.155.57:8080/async/showstack?items=10,1583187490,cf2957
9d94b3,127.0.0.1,GET,http://178.128.155.57:8080/async/latestactivity,1583187490,cf2957
cf2957,181.39.85.168,GET,http://178.128.155.57:8080/bolt,1583187490,
d1efed,181.39.85.168,GET,http://178.128.155.57:8080/thumbs/54x41c/2020-03/captura1.png,1583187490,
2fe7b9,181.39.85.168,GET,http://178.128.155.57:8080/thumbs/54x41c/2020-03/captura2.png,1583187491,
b40c11,181.39.85.168,GET,http://178.128.155.57:8080/thumbs/54x41c/food-fruit-orange-1286.jpg,1583187491,
2b37e1,181.39.85.168,GET,http://178.128.155.57:8080/thumbs/54x41c/2020-03/captura.png,1583187491,
b0d135,181.39.85.168,GET,http://178.128.155.57:8080/thumbs/54x41c/blur-breakfast-coffee-271.jpg,1583187491,
b0184b,181.39.85.168,GET,http://178.128.155.57:8080/thumbs/54x41c/configure-disc-jockey-disco-1504.jpg,1583187491,
f3aed3,181.39.85.168,GET,http://178.128.155.57:8080/thumbs/100x100c/2020-03/captura2.png,1583187491,
83d8b0,181.39.85.168,GET,http://178.128.155.57:8080/thumbs/100x100c/2020-03/captura.png,1583187491,
c43364,181.39.85.168,GET,http://178.128.155.57:8080/thumbs/100x100c/2020-03/captura1.png,1583187491,
4e8bf0,181.39.85.168,GET,http://178.128.155.57:8080/thumbs/54x41c/bell-bills-cash-register-2738.jpg,1583187491,
3dce03,181.39.85.168,GET,http://178.128.155.57:8080/thumbs/54x41c/garden-gardening-grass-589.jpg,1583187491,
a20597,181.39.85.168,GET,http://178.128.155.57:8080/thumbs/54x41c/keyboard-old-technology-2318.jpg,1583187491,
343c9e,181.39.85.168,GET,http://178.128.155.57:8080/thumbs/54x41c/apple-desk-iphone-2750.jpg,1583187491,
6c784b,181.39.85.168,GET,http://178.128.155.57:8080/thumbs/54x41c/agriculture-cereals-field-621.jpg,1583187491,
8db91f,181.39.85.168,GET,http://178.128.155.57:8080/bolt/file/edit/config/config.yml,1583187497,
cad077,181.39.85.168,POST,http://178.128.155.57:8080/bolt/file/edit/config/config.yml?returnto=ajax,1583187527,
7de4c8,127.0.0.1,GET,http://178.128.155.57:8080/async/dashboardnews,1583187531,fb7dd1
360a8f,127.0.0.1,GET,http://178.128.155.57:8080/async/showstack?items=10,1583187531,fb7dd1
c896c4,127.0.0.1,GET,http://178.128.155.57:8080/async/latestactivity,1583187531,fb7dd1
fb7dd1,181.39.85.168,GET,http://178.128.155.57:8080/bolt,1583187531,
cb04bd,181.39.85.168,GET,http://178.128.155.57:8080/thumbs/54x41c/2020-03/captura2.png,1583187532,
74a5e1,181.39.85.168,GET,http://178.128.155.57:8080/thumbs/54x41c/2020-03/captura1.png,1583187532,
c6c7b7,181.39.85.168,GET,http://178.128.155.57:8080/thumbs/54x41c/food-fruit-orange-1286.jpg,1583187532,
e21144,181.39.85.168,GET,http://178.128.155.57:8080/thumbs/54x41c/blur-breakfast-coffee-271.jpg,1583187532,
73963a,181.39.85.168,GET,http://178.128.155.57:8080/thumbs/54x41c/configure-disc-jockey-disco-1504.jpg,1583187532,
cdb5e8,181.39.85.168,GET,http://178.128.155.57:8080/thumbs/54x41c/2020-03/captura.png,1583187532,
3e0336,181.39.85.168,GET,http://178.128.155.57:8080/thumbs/100x100c/2020-03/captura1.png,1583187532,
d371be,181.39.85.168,GET,http://178.128.155.57:8080/thumbs/100x100c/2020-03/captura.png,1583187532,
153fdf,181.39.85.168,GET,http://178.128.155.57:8080/thumbs/100x100c/2020-03/captura2.png,1583187532,
b28e2d,181.39.85.168,GET,http://178.128.155.57:8080/thumbs/54x41c/bell-bills-cash-register-2738.jpg,1583187533,
8d7e55,181.39.85.168,GET,http://178.128.155.57:8080/thumbs/54x41c/garden-gardening-grass-589.jpg,1583187533,
e6ae9e,181.39.85.168,GET,http://178.128.155.57:8080/thumbs/54x41c/keyboard-old-technology-2318.jpg,1583187533,
e6e38b,181.39.85.168,GET,http://178.128.155.57:8080/thumbs/54x41c/apple-desk-iphone-2750.jpg,1583187533,
cd91b1,181.39.85.168,GET,http://178.128.155.57:8080/thumbs/54x41c/agriculture-cereals-field-621.jpg,1583187533,
0aa8b1,127.0.0.1,GET,http://178.128.155.57:8080/async/lastmodified/pages,1583187537,d64e1f
d64e1f,181.39.85.168,GET,http://178.128.155.57:8080/bolt/overview/pages,1583187537,
f7aace,181.39.85.168,GET,http://178.128.155.57:8080/thumbs/80x60c/2020-03/captura.png,1583187537,
9e178f,181.39.85.168,GET,http://178.128.155.57:8080/thumbs/80x60c/2020-03/captura1.png,1583187537,
01505e,181.39.85.168,GET,http://178.128.155.57:8080/thumbs/80x60c/2020-03/captura2.png,1583187537,
4640d3,127.0.0.1,GET,http://178.128.155.57:8080/async/dashboardnews,1583187547,55c590
3737ef,127.0.0.1,GET,http://178.128.155.57:8080/async/showstack?items=10,1583187547,55c590
ea96ba,127.0.0.1,GET,http://178.128.155.57:8080/async/latestactivity,1583187547,55c590
55c590,181.39.85.168,GET,http://178.128.155.57:8080/bolt,1583187547,
72a2ed,181.39.85.168,GET,http://178.128.155.57:8080/thumbs/54x41c/2020-03/captura1.png,1583187548,
a13baa,181.39.85.168,GET,http://178.128.155.57:8080/thumbs/54x41c/2020-03/captura2.png,1583187548,
9e69ec,181.39.85.168,GET,http://178.128.155.57:8080/thumbs/54x41c/2020-03/captura.png,1583187548,
ddc274,181.39.85.168,GET,http://178.128.155.57:8080/thumbs/54x41c/configure-disc-jockey-disco-1504.jpg,1583187548,
f7b58b,181.39.85.168,GET,http://178.128.155.57:8080/thumbs/54x41c/food-fruit-orange-1286.jpg,1583187548,
4bad7b,181.39.85.168,GET,http://178.128.155.57:8080/thumbs/54x41c/blur-breakfast-coffee-271.jpg,1583187548,
9fd8d5,181.39.85.168,GET,http://178.128.155.57:8080/thumbs/100x100c/2020-03/captura.png,1583187548,
c7bb49,181.39.85.168,GET,http://178.128.155.57:8080/thumbs/100x100c/2020-03/captura2.png,1583187549,
30547e,181.39.85.168,GET,http://178.128.155.57:8080/thumbs/100x100c/2020-03/captura1.png,1583187549,
7b4906,181.39.85.168,GET,http://178.128.155.57:8080/thumbs/54x41c/garden-gardening-grass-589.jpg,1583187549,
528cc9,181.39.85.168,GET,http://178.128.155.57:8080/thumbs/54x41c/keyboard-old-technology-2318.jpg,1583187549,
65001c,181.39.85.168,GET,http://178.128.155.57:8080/thumbs/54x41c/apple-desk-iphone-2750.jpg,1583187549,
e1c00b,181.39.85.168,GET,http://178.128.155.57:8080/thumbs/54x41c/bell-bills-cash-register-2738.jpg,1583187549,
c199b1,181.39.85.168,GET,http://178.128.155.57:8080/thumbs/54x41c/agriculture-cereals-field-621.jpg,1583187549,
1ea49d,181.39.85.168,GET,http://178.128.155.57:8080/,1583187551,
e42334,181.39.85.168,GET,http://178.128.155.57:8080/bolt/file/edit/config/config.yml,1583187571,
fb5e36,181.39.85.168,POST,http://178.128.155.57:8080/bolt/file/edit/config/config.yml?returnto=ajax,1583187580,
94da42,181.39.85.168,GET,http://178.128.155.57:8080/,1583187585,
